<?xml version="1.0" encoding="UTF-8" ?>
<XMLDB PATH="admin/tool/brickfield/db" VERSION="20200215" COMMENT="XMLDB file for Moodle admin/tool/brickfield"
    xmlns:xsi="http://www.w3.org/2001/XMLSchema-instance"
    xsi:noNamespaceSchemaLocation="../../../lib/xmldb/xmldb.xsd"
>
  <TABLES>
    <TABLE NAME="tool_brickfield_checks" COMMENT="Checks details">
      <FIELDS>
        <FIELD NAME="id" TYPE="int" LENGTH="10" NOTNULL="true" SEQUENCE="true"/>
        <FIELD NAME="checktype" TYPE="char" LENGTH="64" NOTNULL="false" SEQUENCE="false"/>
        <FIELD NAME="shortname" TYPE="char" LENGTH="64" NOTNULL="false" SEQUENCE="false"/>
        <FIELD NAME="checkgroup" TYPE="int" LENGTH="16" NOTNULL="false" DEFAULT="0" SEQUENCE="false" COMMENT="The group category identifier."/>
        <FIELD NAME="status" TYPE="int" LENGTH="4" NOTNULL="true" SEQUENCE="false"/>
        <FIELD NAME="severity" TYPE="int" LENGTH="2" NOTNULL="true" DEFAULT="0" SEQUENCE="false"/>
      </FIELDS>
      <KEYS>
        <KEY NAME="primary" TYPE="primary" FIELDS="id"/>
      </KEYS>
      <INDEXES>
        <INDEX NAME="checktype" UNIQUE="false" FIELDS="checktype"/>
        <INDEX NAME="checkgroup" UNIQUE="false" FIELDS="checkgroup"/>
        <INDEX NAME="status" UNIQUE="false" FIELDS="status"/>
      </INDEXES>
    </TABLE>
    <TABLE NAME="tool_brickfield_process" COMMENT="Queued records to initiate new processing of specific targets">
      <FIELDS>
        <FIELD NAME="id" TYPE="int" LENGTH="10" NOTNULL="true" SEQUENCE="true"/>
        <FIELD NAME="courseid" TYPE="int" LENGTH="10" NOTNULL="true" SEQUENCE="false"/>
        <FIELD NAME="item" TYPE="char" LENGTH="64" NOTNULL="false" SEQUENCE="false" COMMENT="The item for process action."/>
        <FIELD NAME="contextid" TYPE="int" LENGTH="10" NOTNULL="false" SEQUENCE="false"/>
        <FIELD NAME="innercontextid" TYPE="int" LENGTH="10" NOTNULL="false" SEQUENCE="false"/>
        <FIELD NAME="timecreated" TYPE="int" LENGTH="16" NOTNULL="false" SEQUENCE="false"/>
        <FIELD NAME="timecompleted" TYPE="int" LENGTH="16" NOTNULL="false" SEQUENCE="false"/>
      </FIELDS>
      <KEYS>
        <KEY NAME="primary" TYPE="primary" FIELDS="id"/>
      </KEYS>
      <INDEXES>
        <INDEX NAME="timecompleted" UNIQUE="false" FIELDS="timecompleted"/>
      </INDEXES>
    </TABLE>
    <TABLE NAME="tool_brickfield_areas" COMMENT="Areas that have been checked for accessibility problems">
      <FIELDS>
        <FIELD NAME="id" TYPE="int" LENGTH="10" NOTNULL="true" SEQUENCE="true"/>
        <FIELD NAME="type" TYPE="int" LENGTH="2" NOTNULL="true" DEFAULT="0" SEQUENCE="false"/>
        <FIELD NAME="contextid" TYPE="int" LENGTH="10" NOTNULL="false" SEQUENCE="false"/>
        <FIELD NAME="component" TYPE="char" LENGTH="100" NOTNULL="false" SEQUENCE="false"/>
        <FIELD NAME="tablename" TYPE="char" LENGTH="40" NOTNULL="false" SEQUENCE="false"/>
        <FIELD NAME="fieldorarea" TYPE="char" LENGTH="50" NOTNULL="false" SEQUENCE="false"/>
        <FIELD NAME="itemid" TYPE="int" LENGTH="10" NOTNULL="false" SEQUENCE="false"/>
        <FIELD NAME="filename" TYPE="char" LENGTH="1333" NOTNULL="false" SEQUENCE="false"/>
        <FIELD NAME="reftable" TYPE="char" LENGTH="40" NOTNULL="false" SEQUENCE="false"/>
        <FIELD NAME="refid" TYPE="int" LENGTH="10" NOTNULL="false" SEQUENCE="false"/>
        <FIELD NAME="cmid" TYPE="int" LENGTH="10" NOTNULL="false" SEQUENCE="false"/>
        <FIELD NAME="courseid" TYPE="int" LENGTH="10" NOTNULL="false" SEQUENCE="false"/>
        <FIELD NAME="categoryid" TYPE="int" LENGTH="10" NOTNULL="false" SEQUENCE="false"/>
      </FIELDS>
      <KEYS>
        <KEY NAME="primary" TYPE="primary" FIELDS="id"/>
        <KEY NAME="courseid" TYPE="foreign" FIELDS="courseid" REFTABLE="course" REFFIELDS="id"/>
        <KEY NAME="cmid" TYPE="foreign" FIELDS="cmid" REFTABLE="course_modules" REFFIELDS="id"/>
        <KEY NAME="categoryid" TYPE="foreign" FIELDS="categoryid" REFTABLE="course_categories" REFFIELDS="id"/>
        <KEY NAME="contextid" TYPE="foreign" FIELDS="contextid" REFTABLE="context" REFFIELDS="id"/>
      </KEYS>
      <INDEXES>
        <INDEX NAME="coursecm" UNIQUE="false" FIELDS="courseid, cmid"/>
        <INDEX NAME="tablefield" UNIQUE="false" FIELDS="type, tablename, itemid, fieldorarea"/>
        <INDEX NAME="file" UNIQUE="false" FIELDS="type, contextid, component, fieldorarea, itemid"/>
        <INDEX NAME="reftable" UNIQUE="false" FIELDS="reftable, refid, type"/>
      </INDEXES>
    </TABLE>
    <TABLE NAME="tool_brickfield_content" COMMENT="Content of an area at a particular time (recognised by a hash)">
      <FIELDS>
        <FIELD NAME="id" TYPE="int" LENGTH="10" NOTNULL="true" SEQUENCE="true"/>
        <FIELD NAME="areaid" TYPE="int" LENGTH="10" NOTNULL="true" SEQUENCE="false"/>
        <FIELD NAME="contenthash" TYPE="char" LENGTH="40" NOTNULL="true" SEQUENCE="false"/>
        <FIELD NAME="iscurrent" TYPE="int" LENGTH="1" NOTNULL="true" DEFAULT="0" SEQUENCE="false"/>
        <FIELD NAME="status" TYPE="int" LENGTH="2" NOTNULL="true" DEFAULT="0" SEQUENCE="false" COMMENT="0 - needs checking, -1 in progress, 1 checked"/>
        <FIELD NAME="timecreated" TYPE="int" LENGTH="10" NOTNULL="true" SEQUENCE="false"/>
        <FIELD NAME="timechecked" TYPE="int" LENGTH="10" NOTNULL="false" SEQUENCE="false"/>
      </FIELDS>
      <KEYS>
        <KEY NAME="primary" TYPE="primary" FIELDS="id"/>
        <KEY NAME="areaid" TYPE="foreign" FIELDS="areaid" REFTABLE="tool_brickfield_areas" REFFIELDS="id"/>
      </KEYS>
      <INDEXES>
        <INDEX NAME="status" UNIQUE="false" FIELDS="status"/>
        <INDEX NAME="iscurrent" UNIQUE="false" FIELDS="iscurrent, areaid"/>
      </INDEXES>
    </TABLE>
    <TABLE NAME="tool_brickfield_results" COMMENT="Results of the accessibility checks">
      <FIELDS>
        <FIELD NAME="id" TYPE="int" LENGTH="10" NOTNULL="true" SEQUENCE="true"/>
        <FIELD NAME="contentid" TYPE="int" LENGTH="10" NOTNULL="false" SEQUENCE="false"/>
        <FIELD NAME="checkid" TYPE="int" LENGTH="10" NOTNULL="true" SEQUENCE="false"/>
        <FIELD NAME="errorcount" TYPE="int" LENGTH="10" NOTNULL="true" DEFAULT="0" SEQUENCE="false"/>
      </FIELDS>
      <KEYS>
        <KEY NAME="primary" TYPE="primary" FIELDS="id"/>
        <KEY NAME="contentid" TYPE="foreign" FIELDS="contentid" REFTABLE="tool_brickfield_content" REFFIELDS="id"/>
        <KEY NAME="checkid" TYPE="foreign" FIELDS="checkid" REFTABLE="tool_brickfield_checks" REFFIELDS="id"/>
      </KEYS>
      <INDEXES>
        <INDEX NAME="areacheck" UNIQUE="false" FIELDS="contentid, checkid"/>
      </INDEXES>
    </TABLE>
    <TABLE NAME="tool_brickfield_errors" COMMENT="Errors during the accessibility checks">
      <FIELDS>
        <FIELD NAME="id" TYPE="int" LENGTH="10" NOTNULL="true" SEQUENCE="true"/>
        <FIELD NAME="resultid" TYPE="int" LENGTH="10" NOTNULL="true" SEQUENCE="false"/>
        <FIELD NAME="linenumber" TYPE="int" LENGTH="10" NOTNULL="true" DEFAULT="0" SEQUENCE="false"/>
        <FIELD NAME="errordata" TYPE="text" NOTNULL="false" SEQUENCE="false"/>
        <FIELD NAME="htmlcode" TYPE="text" NOTNULL="false" SEQUENCE="false"/>
      </FIELDS>
      <KEYS>
        <KEY NAME="primary" TYPE="primary" FIELDS="id"/>
        <KEY NAME="resultid" TYPE="foreign" FIELDS="resultid" REFTABLE="tool_brickfield_results" REFFIELDS="id"/>
      </KEYS>
    </TABLE>
    <TABLE NAME="tool_brickfield_summary" COMMENT="Contains accessibility check results summary information.">
      <FIELDS>
        <FIELD NAME="id" TYPE="int" LENGTH="10" NOTNULL="true" SEQUENCE="true"/>
        <FIELD NAME="courseid" TYPE="int" LENGTH="10" NOTNULL="true" SEQUENCE="false"/>
        <FIELD NAME="status" TYPE="int" LENGTH="1" NOTNULL="false" SEQUENCE="false"/>
        <FIELD NAME="activities" TYPE="int" LENGTH="10" NOTNULL="false" SEQUENCE="false"/>
        <FIELD NAME="activitiespassed" TYPE="int" LENGTH="10" NOTNULL="false" SEQUENCE="false"/>
        <FIELD NAME="activitiesfailed" TYPE="int" LENGTH="10" NOTNULL="false" SEQUENCE="false"/>
        <FIELD NAME="errorschecktype1" TYPE="int" LENGTH="10" NOTNULL="false" SEQUENCE="false"/>
        <FIELD NAME="errorschecktype2" TYPE="int" LENGTH="10" NOTNULL="false" SEQUENCE="false"/>
        <FIELD NAME="errorschecktype3" TYPE="int" LENGTH="10" NOTNULL="false" SEQUENCE="false"/>
        <FIELD NAME="errorschecktype4" TYPE="int" LENGTH="10" NOTNULL="false" SEQUENCE="false"/>
        <FIELD NAME="errorschecktype5" TYPE="int" LENGTH="10" NOTNULL="false" SEQUENCE="false"/>
        <FIELD NAME="errorschecktype6" TYPE="int" LENGTH="10" NOTNULL="false" SEQUENCE="false"/>
        <FIELD NAME="errorschecktype7" TYPE="int" LENGTH="10" NOTNULL="false" SEQUENCE="false"/>
        <FIELD NAME="failedchecktype1" TYPE="int" LENGTH="10" NOTNULL="false" SEQUENCE="false"/>
        <FIELD NAME="failedchecktype2" TYPE="int" LENGTH="10" NOTNULL="false" SEQUENCE="false"/>
        <FIELD NAME="failedchecktype3" TYPE="int" LENGTH="10" NOTNULL="false" SEQUENCE="false"/>
        <FIELD NAME="failedchecktype4" TYPE="int" LENGTH="10" NOTNULL="false" SEQUENCE="false"/>
        <FIELD NAME="failedchecktype5" TYPE="int" LENGTH="10" NOTNULL="false" SEQUENCE="false"/>
        <FIELD NAME="failedchecktype6" TYPE="int" LENGTH="10" NOTNULL="false" SEQUENCE="false"/>
        <FIELD NAME="failedchecktype7" TYPE="int" LENGTH="10" NOTNULL="false" SEQUENCE="false"/>
        <FIELD NAME="percentchecktype1" TYPE="int" LENGTH="10" NOTNULL="false" SEQUENCE="false"/>
        <FIELD NAME="percentchecktype2" TYPE="int" LENGTH="10" NOTNULL="false" SEQUENCE="false"/>
        <FIELD NAME="percentchecktype3" TYPE="int" LENGTH="10" NOTNULL="false" SEQUENCE="false"/>
        <FIELD NAME="percentchecktype4" TYPE="int" LENGTH="10" NOTNULL="false" SEQUENCE="false"/>
        <FIELD NAME="percentchecktype5" TYPE="int" LENGTH="10" NOTNULL="false" SEQUENCE="false"/>
        <FIELD NAME="percentchecktype6" TYPE="int" LENGTH="10" NOTNULL="false" SEQUENCE="false"/>
        <FIELD NAME="percentchecktype7" TYPE="int" LENGTH="10" NOTNULL="false" SEQUENCE="false"/>
      </FIELDS>
      <KEYS>
        <KEY NAME="primary" TYPE="primary" FIELDS="id"/>
        <KEY NAME="courseid" TYPE="foreign" FIELDS="courseid" REFTABLE="course" REFFIELDS="id"/>
      </KEYS>
      <INDEXES>
        <INDEX NAME="status" UNIQUE="false" FIELDS="status"/>
      </INDEXES>
    </TABLE>
    <TABLE NAME="tool_brickfield_cache_check" COMMENT="Contains accessibility summary information per check.">
      <FIELDS>
        <FIELD NAME="id" TYPE="int" LENGTH="10" NOTNULL="true" SEQUENCE="true"/>
        <FIELD NAME="courseid" TYPE="int" LENGTH="10" NOTNULL="true" SEQUENCE="false"/>
        <FIELD NAME="status" TYPE="int" LENGTH="1" NOTNULL="false" SEQUENCE="false"/>
        <FIELD NAME="checkid" TYPE="int" LENGTH="10" NOTNULL="false" SEQUENCE="false"/>
        <FIELD NAME="checkcount" TYPE="int" LENGTH="10" NOTNULL="false" SEQUENCE="false"/>
        <FIELD NAME="errorcount" TYPE="int" LENGTH="10" NOTNULL="false" SEQUENCE="false"/>
      </FIELDS>
      <KEYS>
        <KEY NAME="primary" TYPE="primary" FIELDS="id"/>
        <KEY NAME="courseid" TYPE="foreign" FIELDS="courseid" REFTABLE="course" REFFIELDS="id"/>
      </KEYS>
      <INDEXES>
        <INDEX NAME="status" UNIQUE="false" FIELDS="status"/>
        <INDEX NAME="errorcount" UNIQUE="false" FIELDS="errorcount"/>
      </INDEXES>
    </TABLE>
    <TABLE NAME="tool_brickfield_cache_acts" COMMENT="Contains accessibility summary information per activity.">
      <FIELDS>
        <FIELD NAME="id" TYPE="int" LENGTH="10" NOTNULL="true" SEQUENCE="true"/>
        <FIELD NAME="courseid" TYPE="int" LENGTH="10" NOTNULL="true" SEQUENCE="false"/>
        <FIELD NAME="status" TYPE="int" LENGTH="1" NOTNULL="false" SEQUENCE="false"/>
        <FIELD NAME="component" TYPE="char" LENGTH="64" NOTNULL="false" SEQUENCE="false"/>
        <FIELD NAME="totalactivities" TYPE="int" LENGTH="10" NOTNULL="false" SEQUENCE="false"/>
        <FIELD NAME="failedactivities" TYPE="int" LENGTH="10" NOTNULL="false" SEQUENCE="false"/>
        <FIELD NAME="passedactivities" TYPE="int" LENGTH="10" NOTNULL="false" SEQUENCE="false"/>
        <FIELD NAME="errorcount" TYPE="int" LENGTH="10" NOTNULL="false" SEQUENCE="false"/>
      </FIELDS>
      <KEYS>
        <KEY NAME="primary" TYPE="primary" FIELDS="id"/>
        <KEY NAME="courseid" TYPE="foreign" FIELDS="courseid" REFTABLE="course" REFFIELDS="id"/>
      </KEYS>
      <INDEXES>
        <INDEX NAME="status" UNIQUE="false" FIELDS="status"/>
      </INDEXES>
    </TABLE>
    <TABLE NAME="tool_brickfield_schedule" COMMENT="Keeps the per course content analysis schedule.">
      <FIELDS>
        <FIELD NAME="id" TYPE="int" LENGTH="10" NOTNULL="true" SEQUENCE="true"/>
        <FIELD NAME="contextlevel" TYPE="int" LENGTH="10" NOTNULL="true" DEFAULT="50" SEQUENCE="false" COMMENT="The context level for this item. Defaults to CONTEXT_COURSE."/>
        <FIELD NAME="instanceid" TYPE="int" LENGTH="10" NOTNULL="true" SEQUENCE="false" COMMENT="The id of the specific context instance. Course id for courses."/>
        <FIELD NAME="contextid" TYPE="int" LENGTH="10" NOTNULL="false" SEQUENCE="false" COMMENT="Id of the specific context record."/>
        <FIELD NAME="status" TYPE="int" LENGTH="2" NOTNULL="true" DEFAULT="0" SEQUENCE="false" COMMENT="The schedule status for this item. 0 = not requested; 1 = requested; 2 = analyzed."/>
        <FIELD NAME="timeanalyzed" TYPE="int" LENGTH="10" NOTNULL="false" DEFAULT="0" SEQUENCE="false" COMMENT="The most recent time the item was analyzed by scheduler."/>
        <FIELD NAME="timemodified" TYPE="int" LENGTH="10" NOTNULL="false" DEFAULT="0" SEQUENCE="false" COMMENT="Time stamp of the last record update."/>
      </FIELDS>
      <KEYS>
        <KEY NAME="primary" TYPE="primary" FIELDS="id"/>
      </KEYS>
      <INDEXES>
        <INDEX NAME="courseidx" UNIQUE="true" FIELDS="contextlevel, instanceid" COMMENT="Index to find the course instance."/>
        <INDEX NAME="statusidx" UNIQUE="false" FIELDS="status" COMMENT="Index on request status"/>
      </INDEXES>
    </TABLE>
  </TABLES>
</XMLDB>
